{"cameraMode":{"drawMode":0,"name":"Shaded","section":"Shading Mode"},"sceneLighting":true,"audioPlay":false,"sceneViewState":{"showFog":true,"showMaterialUpdate":false,"showSkybox":false,"showFlares":true,"showImageEffects":true,"showParticleSystems":true},"in2DMode":false,"pivot":{"x":10.342273712158204,"y":-18.00682830810547,"z":20.564838409423829},"rotation":{"x":-0.2990420460700989,"y":-0.6825404763221741,"z":0.3660525381565094,"w":-0.5574601888656616},"size":102.42626190185547,"orthographic":false}