{"cameraMode":{"drawMode":0,"name":"Shaded","section":"Shading Mode"},"sceneLighting":true,"audioPlay":false,"sceneViewState":{"showFog":true,"showMaterialUpdate":false,"showSkybox":false,"showFlares":true,"showImageEffects":true,"showParticleSystems":true},"in2DMode":false,"pivot":{"x":1.9807065725326539,"y":-1.1916674375534058,"z":0.9952740669250488},"rotation":{"x":-0.2990420460700989,"y":-0.6825404763221741,"z":0.3660525381565094,"w":-0.5574601888656616},"size":5.762125015258789,"orthographic":false}