{"cameraMode":{"drawMode":0,"name":"Shaded","section":"Shading Mode"},"sceneLighting":false,"audioPlay":false,"sceneViewState":{"showFog":true,"showMaterialUpdate":false,"showSkybox":true,"showFlares":true,"showImageEffects":true,"showParticleSystems":true},"in2DMode":false,"pivot":{"x":539.2476196289063,"y":215.63702392578126,"z":23.6492919921875},"rotation":{"x":-0.03418133407831192,"y":-0.017682988196611406,"z":-0.0005129401106387377,"w":0.9992982149124146},"size":629.6845092773438,"orthographic":false}