{"cameraMode":{"drawMode":0,"name":"Shaded","section":"Shading Mode"},"sceneLighting":false,"audioPlay":false,"sceneViewState":{"showFog":true,"showMaterialUpdate":false,"showSkybox":false,"showFlares":true,"showImageEffects":true,"showParticleSystems":true},"in2DMode":false,"pivot":{"x":-0.08347626775503159,"y":-0.012254714965820313,"z":0.04051411151885986},"rotation":{"x":0.02121754363179207,"y":0.7920767664909363,"z":-0.6094345450401306,"w":0.02757650800049305},"size":13.82888412475586,"orthographic":false}