{"cameraMode":{"drawMode":0,"name":"Shaded","section":"Shading Mode"},"sceneLighting":false,"audioPlay":false,"sceneViewState":{"showFog":true,"showMaterialUpdate":false,"showSkybox":false,"showFlares":true,"showImageEffects":true,"showParticleSystems":true},"in2DMode":false,"pivot":{"x":-1.1920928955078126e-7,"y":0.45680516958236697,"z":-0.014935404062271119},"rotation":{"x":0.07867812365293503,"y":-0.2467721700668335,"z":0.02017507515847683,"w":0.9656937718391419},"size":4.735894203186035,"orthographic":false}